{"cameraMode":{"drawMode":0,"name":"Shaded","section":"Shading Mode"},"sceneLighting":true,"audioPlay":false,"sceneViewState":{"showFog":true,"showMaterialUpdate":true,"showSkybox":true,"showFlares":true,"showImageEffects":true,"showParticleSystems":true},"in2DMode":false,"pivot":{"x":3.539057493209839,"y":2.8783035278320314,"z":-5.821849822998047},"rotation":{"x":-0.3761958181858063,"y":-0.15866951644420625,"z":0.06556233018636704,"w":-0.9105092883110046},"size":17.086994171142579,"orthographic":false}